{"loss": [0.5833765091719451, 0.4068092648629789, 0.3672997498953784, 0.3496407132457804, 0.3312937694567221, 0.3193180207852964], "auc": [0.6488233569918138, 0.6970667671628666, 0.7264043297112828, 0.7685185185185186, 0.8280834537194062, 0.8595670288717209], "valid_loss": [0.4853154718875885, 0.4182652533054352, 0.40936940908432007, 0.40558183193206787, 0.3935340344905853, 0.39072510600090027], "valid_auc": [0.6046853198208122, 0.6706322978629654, 0.6917088932951457, 0.7043401630315047, 0.7347433355364618, 0.7407652199456561]}